a.gal1.s,0,0.001584758
a.gal1.s,-0.01,0.001888309
a.gal1.s,-0.02,0.002242678
a.gal1.s,-0.03,0.002654902
a.gal1.s,-0.04,0.003132721
a.gal1.s,-0.05,0.003684605
a.gal1.s,-0.06,0.004319764
a.gal1.s,-0.07,0.005048165
a.gal1.s,-0.08,0.005880526
a.gal1.s,-0.09,0.0068283
a.gal1.s,-0.1,0.007903651
a.gal1.s,-0.11,0.009119412
a.gal1.s,-0.12,0.010489028
a.gal1.s,-0.13,0.012026479
a.gal1.s,-0.14,0.013746192
a.gal1.s,-0.15,0.015662932
a.gal1.s,-0.16,0.017791671
a.gal1.s,-0.17,0.020147445
a.gal1.s,-0.18,0.022745192
a.gal1.s,-0.19,0.025599574
a.gal1.s,-0.2,0.028724782
a.gal1.s,-0.21,0.032134337
a.gal1.s,-0.22,0.03584087
a.gal1.s,-0.23,0.039855908
a.gal1.s,-0.24,0.044189647
a.gal1.s,-0.25,0.048850733
a.gal1.s,-0.26,0.053846043
a.gal1.s,-0.27,0.059180482
a.gal1.s,-0.28,0.064856786
a.gal1.s,-0.29,0.070875354
a.gal1.s,-0.3,0.077234089
a.gal1.s,-0.31,0.083928285
a.gal1.s,-0.32,0.090950527
a.gal1.s,-0.33,0.098290636
a.gal1.s,-0.34,0.105935648
a.gal1.s,-0.35,0.113869837
a.gal1.s,-0.36,0.12207477
a.gal1.s,-0.37,0.130529412
a.gal1.s,-0.38,0.139210267
a.gal1.s,-0.39,0.148091561
a.gal1.s,-0.4,0.157145464
a.gal1.s,-0.41,0.166342339
a.gal1.s,-0.42,0.175651038
a.gal1.s,-0.43,0.185039201
a.gal1.s,-0.44,0.194473602
a.gal1.s,-0.45,0.203920487
a.gal1.s,-0.46,0.213345939
a.gal1.s,-0.47,0.222716233
a.gal1.s,-0.48,0.231998198
a.gal1.s,-0.49,0.241159562
a.gal1.s,-0.5,0.250169284
a.gal1.s,-0.51,0.258997862
a.gal1.s,-0.52,0.267617622
a.gal1.s,-0.53,0.276002965
a.gal1.s,-0.54,0.284130585
a.gal1.s,-0.55,0.291979651
a.gal1.s,-0.56,0.299531944
a.gal1.s,-0.57,0.306771957
a.gal1.s,-0.58,0.313686951
a.gal1.s,-0.59,0.320266971
a.gal1.s,-0.6,0.326504822
a.gal1.s,-0.61,0.332396011
a.gal1.s,-0.62,0.337938651
a.gal1.s,-0.63,0.343133335
a.gal1.s,-0.64,0.347982983
a.gal1.s,-0.65,0.352492668
a.gal1.s,-0.66,0.356669422
a.gal1.s,-0.67,0.360522026
a.gal1.s,-0.68,0.364060796
a.gal1.s,-0.69,0.367297362
a.gal1.s,-0.7,0.370244441
a.gal1.s,-0.71,0.37291562
a.gal1.s,-0.72,0.375325144
a.gal1.s,-0.73,0.377487711
a.gal1.s,-0.74,0.379418281
a.gal1.s,-0.75,0.381131899
a.gal1.s,-0.76,0.382643536
a.gal1.s,-0.77,0.383967941
a.gal1.s,-0.78,0.385119521
a.gal1.s,-0.79,0.386112226
a.gal1.s,-0.8,0.386959465
a.gal1.s,-0.81,0.387674029
a.gal1.s,-0.82,0.38826804
a.gal1.s,-0.83,0.388752903
a.gal1.s,-0.84,0.389139288
a.gal1.s,-0.85,0.389437112
a.gal1.s,-0.86,0.389655541
a.gal1.s,-0.87,0.389802997
a.gal1.s,-0.88,0.389887174
a.gal1.s,-0.89,0.389915068
a.gal1.s,-0.9,0.389893002
a.gal1.s,-0.91,0.389826665
a.gal1.s,-0.92,0.389721148
a.gal1.s,-0.93,0.389580984
a.gal1.s,-0.94,0.389410191
a.gal1.s,-0.95,0.389212315
a.gal1.s,-0.96,0.388990467
a.gal1.s,-0.97,0.388747367
a.gal1.s,-0.98,0.388485382
a.gal1.s,-0.99,0.388206563
a.gal1.s,-1,0.387912677
a.gal1.s,-1.01,0.387605244
a.gal1.s,-1.02,0.387285564
a.gal1.s,-1.03,0.386954744
a.gal1.s,-1.04,0.386613723
a.gal1.s,-1.05,0.386263297
a.gal1.s,-1.06,0.385904136
a.gal1.s,-1.07,0.385536802
a.gal1.s,-1.08,0.385161767
a.gal1.s,-1.09,0.384779424
a.gal1.s,-1.1,0.384390101
a.gal1.s,-1.11,0.383994073
a.gal1.s,-1.12,0.383591565
a.gal1.s,-1.13,0.383182767
a.gal1.s,-1.14,0.382767835
a.gal1.s,-1.15,0.382346901
a.gal1.s,-1.16,0.381920072
a.gal1.s,-1.17,0.381487441
a.gal1.s,-1.18,0.381049085
a.gal1.s,-1.19,0.38060507
a.gal1.s,-1.2,0.380155453
a.gal1.s,-1.21,0.379700283
a.gal1.s,-1.22,0.379239603
a.gal1.s,-1.23,0.378773451
a.gal1.s,-1.24,0.378301863
a.gal1.s,-1.25,0.377824872
a.gal1.s,-1.26,0.377342506
a.gal1.s,-1.27,0.376854794
a.gal1.s,-1.28,0.376361765
a.gal1.s,-1.29,0.375863442
a.gal1.s,-1.3,0.375359853
a.gal1.s,-1.31,0.374851023
a.gal1.s,-1.32,0.374336975
a.gal1.s,-1.33,0.373817735
a.gal1.s,-1.34,0.373293327
a.gal1.s,-1.35,0.372763775
a.gal1.s,-1.36,0.372229105
a.gal1.s,-1.37,0.37168934
a.gal1.s,-1.38,0.371144505
a.gal1.s,-1.39,0.370594625
a.gal1.s,-1.4,0.370039726
a.gal1.s,-1.41,0.369479831
a.gal1.s,-1.42,0.368914967
a.gal1.s,-1.43,0.368345159
a.gal1.s,-1.44,0.367770432
a.gal1.s,-1.45,0.367190812
a.gal1.s,-1.46,0.366606326
a.gal1.s,-1.47,0.366016999
a.gal1.s,-1.48,0.365422858
a.gal1.s,-1.49,0.36482393
a.gal1.s,-1.5,0.36422024
a.gal1.s,-1.51,0.363611817
a.gal1.s,-1.52,0.362998686
a.gal1.s,-1.53,0.362380876
a.gal1.s,-1.54,0.361758414
a.gal1.s,-1.55,0.361131327
a.gal1.s,-1.56,0.360499643
a.gal1.s,-1.57,0.35986339
a.gal1.s,-1.58,0.359222596
a.gal1.s,-1.59,0.35857729
a.gal1.s,-1.6,0.3579275
a.gal1.s,-1.61,0.357273254
a.gal1.s,-1.62,0.356614581
a.gal1.s,-1.63,0.355951511
a.gal1.s,-1.64,0.355284072
a.gal1.s,-1.65,0.354612293
a.gal1.s,-1.66,0.353936204
a.gal1.s,-1.67,0.353255834
a.gal1.s,-1.68,0.352571214
a.gal1.s,-1.69,0.351882372
a.gal1.s,-1.7,0.351189339
a.gal1.s,-1.71,0.350492145
a.gal1.s,-1.72,0.349790819
a.gal1.s,-1.73,0.349085394
a.gal1.s,-1.74,0.348375898
a.gal1.s,-1.75,0.347662362
a.gal1.s,-1.76,0.346944818
a.gal1.s,-1.77,0.346223296
a.gal1.s,-1.78,0.345497827
a.gal1.s,-1.79,0.344768443
a.gal1.s,-1.8,0.344035174
a.gal1.s,-1.81,0.343298052
a.gal1.s,-1.82,0.342557108
a.gal1.s,-1.83,0.341812374
a.gal1.s,-1.84,0.341063882
a.gal1.s,-1.85,0.340311663
a.gal1.s,-1.86,0.33955575
a.gal1.s,-1.87,0.338796174
a.gal1.s,-1.88,0.338032967
a.gal1.s,-1.89,0.337266162
a.gal1.s,-1.9,0.336495792
a.gal1.s,-1.91,0.335721887
a.gal1.s,-1.92,0.334944482
a.gal1.s,-1.93,0.334163608
a.gal1.s,-1.94,0.333379298
a.gal1.s,-1.95,0.332591585
a.gal1.s,-1.96,0.331800502
a.gal1.s,-1.97,0.331006082
a.gal1.s,-1.98,0.330208358
a.gal1.s,-1.99,0.329407362
a.gal1.s,-2,0.328603129
a.gal1.s,-2.01,0.32779569
a.gal1.s,-2.02,0.326985081
a.gal1.s,-2.03,0.326171333
a.gal1.s,-2.04,0.32535448
a.gal1.s,-2.05,0.324534557
a.gal1.s,-2.06,0.323711595
a.gal1.s,-2.07,0.32288563
a.gal1.s,-2.08,0.322056695
a.gal1.s,-2.09,0.321224823
a.gal1.s,-2.1,0.320390048
a.gal1.s,-2.11,0.319552404
a.gal1.s,-2.12,0.318711926
a.gal1.s,-2.13,0.317868646
a.gal1.s,-2.14,0.317022599
a.gal1.s,-2.15,0.316173819
a.gal1.s,-2.16,0.315322339
a.gal1.s,-2.17,0.314468195
a.gal1.s,-2.18,0.31361142
a.gal1.s,-2.19,0.312752048
a.gal1.s,-2.2,0.311890113
a.gal1.s,-2.21,0.31102565
a.gal1.s,-2.22,0.310158693
a.gal1.s,-2.23,0.309289276
a.gal1.s,-2.24,0.308417434
a.gal1.s,-2.25,0.3075432
a.gal1.s,-2.26,0.306666609
a.gal1.s,-2.27,0.305787695
a.gal1.s,-2.28,0.304906493
a.gal1.s,-2.29,0.304023037
a.gal1.s,-2.3,0.303137361
a.gal1.s,-2.31,0.3022495
a.gal1.s,-2.32,0.301359488
a.gal1.s,-2.33,0.300467359
a.gal1.s,-2.34,0.299573148
a.gal1.s,-2.35,0.298676889
a.gal1.s,-2.36,0.297778616
a.gal1.s,-2.37,0.296878365
a.gal1.s,-2.38,0.295976168
a.gal1.s,-2.39,0.295072061
a.gal1.s,-2.4,0.294166077
a.gal1.s,-2.41,0.293258252
a.gal1.s,-2.42,0.292348618
a.gal1.s,-2.43,0.291437212
a.gal1.s,-2.44,0.290524066
a.gal1.s,-2.45,0.289609215
a.gal1.s,-2.46,0.288692693
a.gal1.s,-2.47,0.287774534
a.gal1.s,-2.48,0.286854773
a.gal1.s,-2.49,0.285933443
a.gal1.s,-2.5,0.285010578
a.gal1.s,-2.51,0.284086214
a.gal1.s,-2.52,0.283160382
a.gal1.s,-2.53,0.282233118
a.gal1.s,-2.54,0.281304455
a.gal1.s,-2.55,0.280374428
a.gal1.s,-2.56,0.279443069
a.gal1.s,-2.57,0.278510413
a.gal1.s,-2.58,0.277576493
a.gal1.s,-2.59,0.276641343
a.gal1.s,-2.6,0.275704997
a.gal1.s,-2.61,0.274767487
a.gal1.s,-2.62,0.273828849
a.gal1.s,-2.63,0.272889114
a.gal1.s,-2.64,0.271948316
a.gal1.s,-2.65,0.27100649
a.gal1.s,-2.66,0.270063666
a.gal1.s,-2.67,0.26911988
a.gal1.s,-2.68,0.268175164
a.gal1.s,-2.69,0.267229551
a.gal1.s,-2.7,0.266283073
a.gal1.s,-2.71,0.265335765
a.gal1.s,-2.72,0.264387658
a.gal1.s,-2.73,0.263438785
a.gal1.s,-2.74,0.262489179
a.gal1.s,-2.75,0.261538873
a.gal1.s,-2.76,0.260587898
a.gal1.s,-2.77,0.259636288
a.gal1.s,-2.78,0.258684074
a.gal1.s,-2.79,0.257731289
a.gal1.s,-2.8,0.256777964
a.gal1.s,-2.81,0.255824133
a.gal1.s,-2.82,0.254869826
a.gal1.s,-2.83,0.253915075
a.gal1.s,-2.84,0.252959913
a.gal1.s,-2.85,0.25200437
a.gal1.s,-2.86,0.251048479
a.gal1.s,-2.87,0.25009227
a.gal1.s,-2.88,0.249135776
a.gal1.s,-2.89,0.248179026
a.gal1.s,-2.9,0.247222053
a.gal1.s,-2.91,0.246264888
a.gal1.s,-2.92,0.24530756
a.gal1.s,-2.93,0.244350101
a.gal1.s,-2.94,0.243392542
a.gal1.s,-2.95,0.242434913
a.gal1.s,-2.96,0.241477245
a.gal1.s,-2.97,0.240519567
a.gal1.s,-2.98,0.23956191
a.gal1.s,-2.99,0.238604304
a.gal1.s,-3,0.237646779
a.gal1.s,-3.01,0.236689365
a.gal1.s,-3.02,0.235732092
a.gal1.s,-3.03,0.234774988
a.gal1.s,-3.04,0.233818084
a.gal1.s,-3.05,0.232861409
a.gal1.s,-3.06,0.231904991
a.gal1.s,-3.07,0.230948861
a.gal1.s,-3.08,0.229993046
a.gal1.s,-3.09,0.229037576
a.gal1.s,-3.1,0.228082479
a.gal1.s,-3.11,0.227127784
a.gal1.s,-3.12,0.226173519
a.gal1.s,-3.13,0.225219712
a.gal1.s,-3.14,0.224266391
a.gal1.s,-3.15,0.223313586
a.gal1.s,-3.16,0.222361322
a.gal1.s,-3.17,0.221409628
a.gal1.s,-3.18,0.220458531
a.gal1.s,-3.19,0.219508059
a.gal1.s,-3.2,0.218558238
a.gal1.s,-3.21,0.217609097
a.gal1.s,-3.22,0.216660662
a.gal1.s,-3.23,0.215712959
a.gal1.s,-3.24,0.214766015
a.gal1.s,-3.25,0.213819857
a.gal1.s,-3.26,0.212874511
a.gal1.s,-3.27,0.211930004
a.gal1.s,-3.28,0.21098636
a.gal1.s,-3.29,0.210043607
a.gal1.s,-3.3,0.209101769
a.gal1.s,-3.31,0.208160872
a.gal1.s,-3.32,0.207220942
a.gal1.s,-3.33,0.206282003
a.gal1.s,-3.34,0.205344082
a.gal1.s,-3.35,0.204407202
a.gal1.s,-3.36,0.203471388
a.gal1.s,-3.37,0.202536666
a.gal1.s,-3.38,0.201603059
a.gal1.s,-3.39,0.200670592
a.gal1.s,-3.4,0.199739288
a.gal1.s,-3.41,0.198809172
a.gal1.s,-3.42,0.197880267
a.gal1.s,-3.43,0.196952597
a.gal1.s,-3.44,0.196026185
a.gal1.s,-3.45,0.195101055
a.gal1.s,-3.46,0.194177229
a.gal1.s,-3.47,0.193254731
a.gal1.s,-3.48,0.192333583
a.gal1.s,-3.49,0.191413808
a.gal1.s,-3.5,0.190495427
a.gal1.s,-3.51,0.189578464
a.gal1.s,-3.52,0.18866294
a.gal1.s,-3.53,0.187748878
a.gal1.s,-3.54,0.186836298
a.gal1.s,-3.55,0.185925222
a.gal1.s,-3.56,0.185015672
a.gal1.s,-3.57,0.184107669
a.gal1.s,-3.58,0.183201233
a.gal1.s,-3.59,0.182296386
a.gal1.s,-3.6,0.181393149
a.gal1.s,-3.61,0.18049154
a.gal1.s,-3.62,0.179591582
a.gal1.s,-3.63,0.178693294
a.gal1.s,-3.64,0.177796695
a.gal1.s,-3.65,0.176901806
a.gal1.s,-3.66,0.176008646
a.gal1.s,-3.67,0.175117235
a.gal1.s,-3.68,0.174227591
a.gal1.s,-3.69,0.173339733
a.gal1.s,-3.7,0.172453682
a.gal1.s,-3.71,0.171569454
a.gal1.s,-3.72,0.170687069
a.gal1.s,-3.73,0.169806545
a.gal1.s,-3.74,0.168927899
a.gal1.s,-3.75,0.168051151
a.gal1.s,-3.76,0.167176317
a.gal1.s,-3.77,0.166303415
a.gal1.s,-3.78,0.165432463
a.gal1.s,-3.79,0.164563477
a.gal1.s,-3.8,0.163696475
a.gal1.s,-3.81,0.162831474
a.gal1.s,-3.82,0.16196849
a.gal1.s,-3.83,0.161107539
a.gal1.s,-3.84,0.160248638
a.gal1.s,-3.85,0.159391803
a.gal1.s,-3.86,0.158537049
a.gal1.s,-3.87,0.157684394
a.gal1.s,-3.88,0.156833851
a.gal1.s,-3.89,0.155985437
a.gal1.s,-3.9,0.155139166
a.gal1.s,-3.91,0.154295054
a.gal1.s,-3.92,0.153453115
a.gal1.s,-3.93,0.152613365
a.gal1.s,-3.94,0.151775816
a.gal1.s,-3.95,0.150940485
a.gal1.s,-3.96,0.150107384
a.gal1.s,-3.97,0.149276528
a.gal1.s,-3.98,0.14844793
a.gal1.s,-3.99,0.147621604
a.gal1.s,-4,0.146797563
a.gal1.s,-4.01,0.14597582
a.gal1.s,-4.02,0.145156389
a.gal1.s,-4.03,0.144339281
a.gal1.s,-4.04,0.143524511
a.gal1.s,-4.05,0.14271209
a.gal1.s,-4.06,0.14190203
a.gal1.s,-4.07,0.141094343
a.gal1.s,-4.08,0.140289042
a.gal1.s,-4.09,0.139486138
a.gal1.s,-4.1,0.138685642
a.gal1.s,-4.11,0.137887567
a.gal1.s,-4.12,0.137091922
a.gal1.s,-4.13,0.13629872
a.gal1.s,-4.14,0.13550797
a.gal1.s,-4.15,0.134719684
a.gal1.s,-4.16,0.133933872
a.gal1.s,-4.17,0.133150545
a.gal1.s,-4.18,0.132369711
a.gal1.s,-4.19,0.131591382
a.gal1.s,-4.2,0.130815567
a.gal1.s,-4.21,0.130042275
a.gal1.s,-4.22,0.129271517
a.gal1.s,-4.23,0.1285033
a.gal1.s,-4.24,0.127737635
a.gal1.s,-4.25,0.12697453
a.gal1.s,-4.26,0.126213994
a.gal1.s,-4.27,0.125456035
a.gal1.s,-4.28,0.124700662
a.gal1.s,-4.29,0.123947883
a.gal1.s,-4.3,0.123197705
a.gal1.s,-4.31,0.122450138
a.gal1.s,-4.32,0.121705187
a.gal1.s,-4.33,0.120962862
a.gal1.s,-4.34,0.120223169
a.gal1.s,-4.35,0.119486115
a.gal1.s,-4.36,0.118751707
a.gal1.s,-4.37,0.118019953
a.gal1.s,-4.38,0.117290858
a.gal1.s,-4.39,0.11656443
a.gal1.s,-4.4,0.115840674
a.gal1.s,-4.41,0.115119598
a.gal1.s,-4.42,0.114401206
a.gal1.s,-4.43,0.113685504
a.gal1.s,-4.44,0.112972499
a.gal1.s,-4.45,0.112262196
a.gal1.s,-4.46,0.111554599
a.gal1.s,-4.47,0.110849715
a.gal1.s,-4.48,0.110147549
a.gal1.s,-4.49,0.109448104
a.gal1.s,-4.5,0.108751386
a.gal1.s,-4.51,0.1080574
a.gal1.s,-4.52,0.10736615
a.gal1.s,-4.53,0.106677639
a.gal1.s,-4.54,0.105991873
a.gal1.s,-4.55,0.105308855
a.gal1.s,-4.56,0.104628588
a.gal1.s,-4.57,0.103951077
a.gal1.s,-4.58,0.103276325
a.gal1.s,-4.59,0.102604335
a.gal1.s,-4.6,0.10193511
a.gal1.s,-4.61,0.101268653
a.gal1.s,-4.62,0.100604967
a.gal1.s,-4.63,0.099944056
a.gal1.s,-4.64,0.09928592
a.gal1.s,-4.65,0.098630564
a.gal1.s,-4.66,0.097977988
a.gal1.s,-4.67,0.097328196
a.gal1.s,-4.68,0.096681188
a.gal1.s,-4.69,0.096036968
a.gal1.s,-4.7,0.095395536
a.gal1.s,-4.71,0.094756894
a.gal1.s,-4.72,0.094121044
a.gal1.s,-4.73,0.093487987
a.gal1.s,-4.74,0.092857723
a.gal1.s,-4.75,0.092230254
a.gal1.s,-4.76,0.091605581
a.gal1.s,-4.77,0.090983705
a.gal1.s,-4.78,0.090364625
a.gal1.s,-4.79,0.089748343
a.gal1.s,-4.8,0.089134858
a.gal1.s,-4.81,0.088524171
a.gal1.s,-4.82,0.087916282
a.gal1.s,-4.83,0.087311191
a.gal1.s,-4.84,0.086708897
a.gal1.s,-4.85,0.0861094
a.gal1.s,-4.86,0.0855127
a.gal1.s,-4.87,0.084918796
a.gal1.s,-4.88,0.084327687
a.gal1.s,-4.89,0.083739373
a.gal1.s,-4.9,0.083153851
a.gal1.s,-4.91,0.082571122
a.gal1.s,-4.92,0.081991184
a.gal1.s,-4.93,0.081414036
a.gal1.s,-4.94,0.080839675
a.gal1.s,-4.95,0.080268101
a.gal1.s,-4.96,0.079699312
a.gal1.s,-4.97,0.079133306
a.gal1.s,-4.98,0.07857008
a.gal1.s,-4.99,0.078009633
a.gal1.s,-5,0.077451963
a.gal10.n,0,1.31E-05
a.gal10.n,-0.01,1.90E-05
a.gal10.n,-0.02,2.73E-05
a.gal10.n,-0.03,3.89E-05
a.gal10.n,-0.04,5.50E-05
a.gal10.n,-0.05,7.73E-05
a.gal10.n,-0.06,1.08E-04
a.gal10.n,-0.07,1.50E-04
a.gal10.n,-0.08,2.06E-04
a.gal10.n,-0.09,2.81E-04
a.gal10.n,-0.1,3.81E-04
a.gal10.n,-0.11,5.14E-04
a.gal10.n,-0.12,6.87E-04
a.gal10.n,-0.13,9.13E-04
a.gal10.n,-0.14,0.001204373
a.gal10.n,-0.15,0.001577884
a.gal10.n,-0.16,0.002052986
a.gal10.n,-0.17,0.002652796
a.gal10.n,-0.18,0.003404394
a.gal10.n,-0.19,0.004339157
a.gal10.n,-0.2,0.005493042
a.gal10.n,-0.21,0.006906775
a.gal10.n,-0.22,0.008625934
a.gal10.n,-0.23,0.010700891
a.gal10.n,-0.24,0.013186576
a.gal10.n,-0.25,0.016142048
a.gal10.n,-0.26,0.019629845
a.gal10.n,-0.27,0.023715098
a.gal10.n,-0.28,0.028464404
a.gal10.n,-0.29,0.033944451
a.gal10.n,-0.3,0.040220429
a.gal10.n,-0.31,0.047354229
a.gal10.n,-0.32,0.055402502
a.gal10.n,-0.33,0.064414611
a.gal10.n,-0.34,0.074430546
a.gal10.n,-0.35,0.085478901
a.gal10.n,-0.36,0.097574966
a.gal10.n,-0.37,0.11071905
a.gal10.n,-0.38,0.124895112
a.gal10.n,-0.39,0.140069774
a.gal10.n,-0.4,0.156191799
a.gal10.n,-0.41,0.173192081
a.gal10.n,-0.42,0.19098418
a.gal10.n,-0.43,0.209465423
a.gal10.n,-0.44,0.228518548
a.gal10.n,-0.45,0.24801385
a.gal10.n,-0.46,0.267811775
a.gal10.n,-0.47,0.287765878
a.gal10.n,-0.48,0.307726018
a.gal10.n,-0.49,0.327541708
a.gal10.n,-0.5,0.347065468
a.gal10.n,-0.51,0.366156065
a.gal10.n,-0.52,0.384681533
a.gal10.n,-0.53,0.402521839
a.gal10.n,-0.54,0.419571142
a.gal10.n,-0.55,0.435739537
a.gal10.n,-0.56,0.450954272
a.gal10.n,-0.57,0.465160401
a.gal10.n,-0.58,0.478320882
a.gal10.n,-0.59,0.490416164
a.gal10.n,-0.6,0.501443286
a.gal10.n,-0.61,0.511414581
a.gal10.n,-0.62,0.520356057
a.gal10.n,-0.63,0.528305532
a.gal10.n,-0.64,0.535310623
a.gal10.n,-0.65,0.541426669
a.gal10.n,-0.66,0.546714673
a.gal10.n,-0.67,0.551239327
a.gal10.n,-0.68,0.555067184
a.gal10.n,-0.69,0.558265018
a.gal10.n,-0.7,0.560898406
a.gal10.n,-0.71,0.563030548
a.gal10.n,-0.72,0.56472133
a.gal10.n,-0.73,0.566026627
a.gal10.n,-0.74,0.566997829
a.gal10.n,-0.75,0.56768157
a.gal10.n,-0.76,0.568119633
a.gal10.n,-0.77,0.568349004
a.gal10.n,-0.78,0.568402044
a.gal10.n,-0.79,0.568306757
a.gal10.n,-0.8,0.56808711
a.gal10.n,-0.81,0.567763408
a.gal10.n,-0.82,0.567352675
a.gal10.n,-0.83,0.566869044
a.gal10.n,-0.84,0.566324139
a.gal10.n,-0.85,0.565727428
a.gal10.n,-0.86,0.565086554
a.gal10.n,-0.87,0.564407634
a.gal10.n,-0.88,0.56369552
a.gal10.n,-0.89,0.562954032
a.gal10.n,-0.9,0.562186157
a.gal10.n,-0.91,0.561394208
a.gal10.n,-0.92,0.560579973
a.gal10.n,-0.93,0.559744824
a.gal10.n,-0.94,0.55888981
a.gal10.n,-0.95,0.558015734
a.gal10.n,-0.96,0.557123211
a.gal10.n,-0.97,0.556212715
a.gal10.n,-0.98,0.555284615
a.gal10.n,-0.99,0.554339201
a.gal10.n,-1,0.553376708
a.gal10.n,-1.01,0.552397332
a.gal10.n,-1.02,0.551401236
a.gal10.n,-1.03,0.550388566
a.gal10.n,-1.04,0.549359454
a.gal10.n,-1.05,0.548314021
a.gal10.n,-1.06,0.547252384
a.gal10.n,-1.07,0.546174655
a.gal10.n,-1.08,0.545080943
a.gal10.n,-1.09,0.543971359
a.gal10.n,-1.1,0.54284601
a.gal10.n,-1.11,0.541705007
a.gal10.n,-1.12,0.540548459
a.gal10.n,-1.13,0.539376477
a.gal10.n,-1.14,0.538189172
a.gal10.n,-1.15,0.536986657
a.gal10.n,-1.16,0.535769046
a.gal10.n,-1.17,0.534536455
a.gal10.n,-1.18,0.533288999
a.gal10.n,-1.19,0.532026796
a.gal10.n,-1.2,0.530749964
a.gal10.n,-1.21,0.529458624
a.gal10.n,-1.22,0.528152896
a.gal10.n,-1.23,0.526832903
a.gal10.n,-1.24,0.525498767
a.gal10.n,-1.25,0.524150613
a.gal10.n,-1.26,0.522788565
a.gal10.n,-1.27,0.521412751
a.gal10.n,-1.28,0.520023299
a.gal10.n,-1.29,0.518620335
a.gal10.n,-1.3,0.51720399
a.gal10.n,-1.31,0.515774395
a.gal10.n,-1.32,0.51433168
a.gal10.n,-1.33,0.512875978
a.gal10.n,-1.34,0.511407422
a.gal10.n,-1.35,0.509926147
a.gal10.n,-1.36,0.508432287
a.gal10.n,-1.37,0.506925978
a.gal10.n,-1.38,0.505407358
a.gal10.n,-1.39,0.503876562
a.gal10.n,-1.4,0.502333731
a.gal10.n,-1.41,0.500779003
a.gal10.n,-1.42,0.499212517
a.gal10.n,-1.43,0.497634415
a.gal10.n,-1.44,0.496044837
a.gal10.n,-1.45,0.494443927
a.gal10.n,-1.46,0.492831825
a.gal10.n,-1.47,0.491208677
a.gal10.n,-1.48,0.489574625
a.gal10.n,-1.49,0.487929814
a.gal10.n,-1.5,0.48627439
a.gal10.n,-1.51,0.484608497
a.gal10.n,-1.52,0.482932283
a.gal10.n,-1.53,0.481245895
a.gal10.n,-1.54,0.479549478
a.gal10.n,-1.55,0.477843182
a.gal10.n,-1.56,0.476127154
a.gal10.n,-1.57,0.474401543
a.gal10.n,-1.58,0.472666498
a.gal10.n,-1.59,0.470922168
a.gal10.n,-1.6,0.469168704
a.gal10.n,-1.61,0.467406256
a.gal10.n,-1.62,0.465634973
a.gal10.n,-1.63,0.463855008
a.gal10.n,-1.64,0.46206651
a.gal10.n,-1.65,0.460269632
a.gal10.n,-1.66,0.458464525
a.gal10.n,-1.67,0.456651341
a.gal10.n,-1.68,0.454830232
a.gal10.n,-1.69,0.45300135
a.gal10.n,-1.7,0.451164847
a.gal10.n,-1.71,0.449320877
a.gal10.n,-1.72,0.447469592
a.gal10.n,-1.73,0.445611144
a.gal10.n,-1.74,0.443745686
a.gal10.n,-1.75,0.441873373
a.gal10.n,-1.76,0.439994355
a.gal10.n,-1.77,0.438108787
a.gal10.n,-1.78,0.43621682
a.gal10.n,-1.79,0.43431861
a.gal10.n,-1.8,0.432414307
a.gal10.n,-1.81,0.430504065
a.gal10.n,-1.82,0.428588037
a.gal10.n,-1.83,0.426666375
a.gal10.n,-1.84,0.424739232
a.gal10.n,-1.85,0.42280676
a.gal10.n,-1.86,0.420869112
a.gal10.n,-1.87,0.41892644
a.gal10.n,-1.88,0.416978894
a.gal10.n,-1.89,0.415026628
a.gal10.n,-1.9,0.413069793
a.gal10.n,-1.91,0.411108538
a.gal10.n,-1.92,0.409143016
a.gal10.n,-1.93,0.407173378
a.gal10.n,-1.94,0.405199772
a.gal10.n,-1.95,0.403222349
a.gal10.n,-1.96,0.401241259
a.gal10.n,-1.97,0.399256651
a.gal10.n,-1.98,0.397268674
a.gal10.n,-1.99,0.395277476
a.gal10.n,-2,0.393283205
a.gal10.n,-2.01,0.391286008
a.gal10.n,-2.02,0.389286033
a.gal10.n,-2.03,0.387283427
a.gal10.n,-2.04,0.385278335
a.gal10.n,-2.05,0.383270903
a.gal10.n,-2.06,0.381261276
a.gal10.n,-2.07,0.379249599
a.gal10.n,-2.08,0.377236016
a.gal10.n,-2.09,0.37522067
a.gal10.n,-2.1,0.373203704
a.gal10.n,-2.11,0.37118526
a.gal10.n,-2.12,0.36916548
a.gal10.n,-2.13,0.367144504
a.gal10.n,-2.14,0.365122474
a.gal10.n,-2.15,0.363099529
a.gal10.n,-2.16,0.361075807
a.gal10.n,-2.17,0.359051448
a.gal10.n,-2.18,0.357026588
a.gal10.n,-2.19,0.355001365
a.gal10.n,-2.2,0.352975914
a.gal10.n,-2.21,0.350950371
a.gal10.n,-2.22,0.348924871
a.gal10.n,-2.23,0.346899547
a.gal10.n,-2.24,0.344874533
a.gal10.n,-2.25,0.34284996
a.gal10.n,-2.26,0.34082596
a.gal10.n,-2.27,0.338802664
a.gal10.n,-2.28,0.336780201
a.gal10.n,-2.29,0.3347587
a.gal10.n,-2.3,0.332738289
a.gal10.n,-2.31,0.330719096
a.gal10.n,-2.32,0.328701246
a.gal10.n,-2.33,0.326684865
a.gal10.n,-2.34,0.324670078
a.gal10.n,-2.35,0.322657007
a.gal10.n,-2.36,0.320645776
a.gal10.n,-2.37,0.318636506
a.gal10.n,-2.38,0.316629317
a.gal10.n,-2.39,0.31462433
a.gal10.n,-2.4,0.312621663
a.gal10.n,-2.41,0.310621434
a.gal10.n,-2.42,0.308623759
a.gal10.n,-2.43,0.306628755
a.gal10.n,-2.44,0.304636535
a.gal10.n,-2.45,0.302647215
a.gal10.n,-2.46,0.300660906
a.gal10.n,-2.47,0.29867772
a.gal10.n,-2.48,0.296697768
a.gal10.n,-2.49,0.294721159
a.gal10.n,-2.5,0.292748002
a.gal10.n,-2.51,0.290778404
a.gal10.n,-2.52,0.288812472
a.gal10.n,-2.53,0.28685031
a.gal10.n,-2.54,0.284892024
a.gal10.n,-2.55,0.282937716
a.gal10.n,-2.56,0.280987488
a.gal10.n,-2.57,0.279041441
a.gal10.n,-2.58,0.277099674
a.gal10.n,-2.59,0.275162287
a.gal10.n,-2.6,0.273229377
a.gal10.n,-2.61,0.27130104
a.gal10.n,-2.62,0.269377372
a.gal10.n,-2.63,0.267458467
a.gal10.n,-2.64,0.265544418
a.gal10.n,-2.65,0.263635316
a.gal10.n,-2.66,0.261731252
a.gal10.n,-2.67,0.259832316
a.gal10.n,-2.68,0.257938597
a.gal10.n,-2.69,0.256050181
a.gal10.n,-2.7,0.254167154
a.gal10.n,-2.71,0.252289602
a.gal10.n,-2.72,0.250417608
a.gal10.n,-2.73,0.248551255
a.gal10.n,-2.74,0.246690623
a.gal10.n,-2.75,0.244835794
a.gal10.n,-2.76,0.242986847
a.gal10.n,-2.77,0.241143858
a.gal10.n,-2.78,0.239306906
a.gal10.n,-2.79,0.237476065
a.gal10.n,-2.8,0.235651409
a.gal10.n,-2.81,0.233833013
a.gal10.n,-2.82,0.232020947
a.gal10.n,-2.83,0.230215282
a.gal10.n,-2.84,0.228416089
a.gal10.n,-2.85,0.226623434
a.gal10.n,-2.86,0.224837387
a.gal10.n,-2.87,0.223058012
a.gal10.n,-2.88,0.221285375
a.gal10.n,-2.89,0.219519539
a.gal10.n,-2.9,0.217760567
a.gal10.n,-2.91,0.216008519
a.gal10.n,-2.92,0.214263457
a.gal10.n,-2.93,0.212525438
a.gal10.n,-2.94,0.210794522
a.gal10.n,-2.95,0.209070763
a.gal10.n,-2.96,0.207354219
a.gal10.n,-2.97,0.205644942
a.gal10.n,-2.98,0.203942986
a.gal10.n,-2.99,0.202248404
a.gal10.n,-3,0.200561245
a.gal10.n,-3.01,0.198881559
a.gal10.n,-3.02,0.197209396
a.gal10.n,-3.03,0.195544801
a.gal10.n,-3.04,0.193887821
a.gal10.n,-3.05,0.192238502
a.gal10.n,-3.06,0.190596887
a.gal10.n,-3.07,0.188963018
a.gal10.n,-3.08,0.187336938
a.gal10.n,-3.09,0.185718687
a.gal10.n,-3.1,0.184108304
a.gal10.n,-3.11,0.182505827
a.gal10.n,-3.12,0.180911293
a.gal10.n,-3.13,0.179324739
a.gal10.n,-3.14,0.177746199
a.gal10.n,-3.15,0.176175708
a.gal10.n,-3.16,0.174613296
a.gal10.n,-3.17,0.173058998
a.gal10.n,-3.18,0.171512842
a.gal10.n,-3.19,0.169974858
a.gal10.n,-3.2,0.168445075
a.gal10.n,-3.21,0.16692352
a.gal10.n,-3.22,0.165410219
a.gal10.n,-3.23,0.163905197
a.gal10.n,-3.24,0.162408478
a.gal10.n,-3.25,0.160920086
a.gal10.n,-3.26,0.159440043
a.gal10.n,-3.27,0.157968368
a.gal10.n,-3.28,0.156505084
a.gal10.n,-3.29,0.155050208
a.gal10.n,-3.3,0.153603758
a.gal10.n,-3.31,0.152165751
a.gal10.n,-3.32,0.150736204
a.gal10.n,-3.33,0.149315131
a.gal10.n,-3.34,0.147902547
a.gal10.n,-3.35,0.146498464
a.gal10.n,-3.36,0.145102894
a.gal10.n,-3.37,0.143715848
a.gal10.n,-3.38,0.142337337
a.gal10.n,-3.39,0.14096737
a.gal10.n,-3.4,0.139605955
a.gal10.n,-3.41,0.1382531
a.gal10.n,-3.42,0.13690881
a.gal10.n,-3.43,0.135573091
a.gal10.n,-3.44,0.134245949
a.gal10.n,-3.45,0.132927386
a.gal10.n,-3.46,0.131617406
a.gal10.n,-3.47,0.13031601
a.gal10.n,-3.48,0.129023199
a.gal10.n,-3.49,0.127738975
a.gal10.n,-3.5,0.126463335
a.gal10.n,-3.51,0.125196279
a.gal10.n,-3.52,0.123937804
a.gal10.n,-3.53,0.122687908
a.gal10.n,-3.54,0.121446585
a.gal10.n,-3.55,0.120213832
a.gal10.n,-3.56,0.118989643
a.gal10.n,-3.57,0.117774011
a.gal10.n,-3.58,0.11656693
a.gal10.n,-3.59,0.115368391
a.gal10.n,-3.6,0.114178386
a.gal10.n,-3.61,0.112996905
a.gal10.n,-3.62,0.111823938
a.gal10.n,-3.63,0.110659474
a.gal10.n,-3.64,0.109503502
a.gal10.n,-3.65,0.108356009
a.gal10.n,-3.66,0.107216982
a.gal10.n,-3.67,0.106086407
a.gal10.n,-3.68,0.10496427
a.gal10.n,-3.69,0.103850556
a.gal10.n,-3.7,0.102745248
a.gal10.n,-3.71,0.101648331
a.gal10.n,-3.72,0.100559787
a.gal10.n,-3.73,0.099479599
a.gal10.n,-3.74,0.098407747
a.gal10.n,-3.75,0.097344213
a.gal10.n,-3.76,0.096288977
a.gal10.n,-3.77,0.09524202
a.gal10.n,-3.78,0.094203319
a.gal10.n,-3.79,0.093172854
a.gal10.n,-3.8,0.092150602
a.gal10.n,-3.81,0.091136541
a.gal10.n,-3.82,0.090130648
a.gal10.n,-3.83,0.089132898
a.gal10.n,-3.84,0.088143269
a.gal10.n,-3.85,0.087161734
a.gal10.n,-3.86,0.086188268
a.gal10.n,-3.87,0.085222846
a.gal10.n,-3.88,0.084265441
a.gal10.n,-3.89,0.083316027
a.gal10.n,-3.9,0.082374575
a.gal10.n,-3.91,0.081441059
a.gal10.n,-3.92,0.080515449
a.gal10.n,-3.93,0.079597718
a.gal10.n,-3.94,0.078687835
a.gal10.n,-3.95,0.077785771
a.gal10.n,-3.96,0.076891497
a.gal10.n,-3.97,0.076004981
a.gal10.n,-3.98,0.075126192
a.gal10.n,-3.99,0.0742551
a.gal10.n,-4,0.073391672
a.gal10.n,-4.01,0.072535876
a.gal10.n,-4.02,0.071687681
a.gal10.n,-4.03,0.070847052
a.gal10.n,-4.04,0.070013957
a.gal10.n,-4.05,0.069188362
a.gal10.n,-4.06,0.068370233
a.gal10.n,-4.07,0.067559535
a.gal10.n,-4.08,0.066756235
a.gal10.n,-4.09,0.065960297
a.gal10.n,-4.1,0.065171686
a.gal10.n,-4.11,0.064390366
a.gal10.n,-4.12,0.063616302
a.gal10.n,-4.13,0.062849457
a.gal10.n,-4.14,0.062089795
a.gal10.n,-4.15,0.06133728
a.gal10.n,-4.16,0.060591873
a.gal10.n,-4.17,0.059853539
a.gal10.n,-4.18,0.059122239
a.gal10.n,-4.19,0.058397936
a.gal10.n,-4.2,0.057680592
a.gal10.n,-4.21,0.056970169
a.gal10.n,-4.22,0.056266629
a.gal10.n,-4.23,0.055569932
a.gal10.n,-4.24,0.05488004
a.gal10.n,-4.25,0.054196914
a.gal10.n,-4.26,0.053520515
a.gal10.n,-4.27,0.052850804
a.gal10.n,-4.28,0.052187741
a.gal10.n,-4.29,0.051531286
a.gal10.n,-4.3,0.0508814
a.gal10.n,-4.31,0.050238042
a.gal10.n,-4.32,0.049601173
a.gal10.n,-4.33,0.048970752
a.gal10.n,-4.34,0.048346739
a.gal10.n,-4.35,0.047729094
a.gal10.n,-4.36,0.047117775
a.gal10.n,-4.37,0.046512742
a.gal10.n,-4.38,0.045913954
a.gal10.n,-4.39,0.045321371
a.gal10.n,-4.4,0.044734951
a.gal10.n,-4.41,0.044154654
a.gal10.n,-4.42,0.043580437
a.gal10.n,-4.43,0.043012261
a.gal10.n,-4.44,0.042450083
a.gal10.n,-4.45,0.041893862
a.gal10.n,-4.46,0.041343557
a.gal10.n,-4.47,0.040799127
a.gal10.n,-4.48,0.04026053
a.gal10.n,-4.49,0.039727724
a.gal10.n,-4.5,0.039200668
a.gal10.n,-4.51,0.038679321
a.gal10.n,-4.52,0.038163641
a.gal10.n,-4.53,0.037653586
a.gal10.n,-4.54,0.037149115
a.gal10.n,-4.55,0.036650186
a.gal10.n,-4.56,0.036156759
a.gal10.n,-4.57,0.03566879
a.gal10.n,-4.58,0.035186239
a.gal10.n,-4.59,0.034709064
a.gal10.n,-4.6,0.034237225
a.gal10.n,-4.61,0.033770678
a.gal10.n,-4.62,0.033309384
a.gal10.n,-4.63,0.0328533
a.gal10.n,-4.64,0.032402386
a.gal10.n,-4.65,0.0319566
a.gal10.n,-4.66,0.031515901
a.gal10.n,-4.67,0.031080247
a.gal10.n,-4.68,0.030649599
a.gal10.n,-4.69,0.030223915
a.gal10.n,-4.7,0.029803153
a.gal10.n,-4.71,0.029387274
a.gal10.n,-4.72,0.028976237
a.gal10.n,-4.73,0.02857
a.gal10.n,-4.74,0.028168524
a.gal10.n,-4.75,0.027771767
a.gal10.n,-4.76,0.02737969
a.gal10.n,-4.77,0.026992253
a.gal10.n,-4.78,0.026609415
a.gal10.n,-4.79,0.026231136
a.gal10.n,-4.8,0.025857377
a.gal10.n,-4.81,0.025488097
a.gal10.n,-4.82,0.025123257
a.gal10.n,-4.83,0.024762818
a.gal10.n,-4.84,0.024406739
a.gal10.n,-4.85,0.024054983
a.gal10.n,-4.86,0.023707509
a.gal10.n,-4.87,0.023364279
a.gal10.n,-4.88,0.023025254
a.gal10.n,-4.89,0.022690396
a.gal10.n,-4.9,0.022359665
a.gal10.n,-4.91,0.022033023
a.gal10.n,-4.92,0.021710433
a.gal10.n,-4.93,0.021391856
a.gal10.n,-4.94,0.021077254
a.gal10.n,-4.95,0.020766589
a.gal10.n,-4.96,0.020459824
a.gal10.n,-4.97,0.020156922
a.gal10.n,-4.98,0.019857846
a.gal10.n,-4.99,0.019562557
a.gal10.n,-5,0.01927102
a.gal2.s,0,5.75E-04
a.gal2.s,-0.01,7.04E-04
a.gal2.s,-0.02,8.58E-04
a.gal2.s,-0.03,0.001043012
a.gal2.s,-0.04,0.001262621
a.gal2.s,-0.05,0.001522916
a.gal2.s,-0.06,0.001830215
a.gal2.s,-0.07,0.002191572
a.gal2.s,-0.08,0.002614818
a.gal2.s,-0.09,0.003108592
a.gal2.s,-0.1,0.003682372
a.gal2.s,-0.11,0.004346485
a.gal2.s,-0.12,0.005112116
a.gal2.s,-0.13,0.005991295
a.gal2.s,-0.14,0.006996871
a.gal2.s,-0.15,0.008142472
a.gal2.s,-0.16,0.009442436
a.gal2.s,-0.17,0.010911735
a.gal2.s,-0.18,0.012565863
a.gal2.s,-0.19,0.014420708
a.gal2.s,-0.2,0.016492407
a.gal2.s,-0.21,0.018797166
a.gal2.s,-0.22,0.02135107
a.gal2.s,-0.23,0.024169864
a.gal2.s,-0.24,0.027268724
a.gal2.s,-0.25,0.03066201
a.gal2.s,-0.26,0.034363006
a.gal2.s,-0.27,0.038383657
a.gal2.s,-0.28,0.042734303
a.gal2.s,-0.29,0.047423414
a.gal2.s,-0.3,0.052457337
a.gal2.s,-0.31,0.057840057
a.gal2.s,-0.32,0.06357298
a.gal2.s,-0.33,0.06965474
a.gal2.s,-0.34,0.076081043
a.gal2.s,-0.35,0.082844546
a.gal2.s,-0.36,0.089934777
a.gal2.s,-0.37,0.097338109
a.gal2.s,-0.38,0.105037774
a.gal2.s,-0.39,0.113013935
a.gal2.s,-0.4,0.121243808
a.gal2.s,-0.41,0.129701836
a.gal2.s,-0.42,0.138359913
a.gal2.s,-0.43,0.147187654
a.gal2.s,-0.44,0.156152709
a.gal2.s,-0.45,0.165221116
a.gal2.s,-0.46,0.17435768
a.gal2.s,-0.47,0.183526384
a.gal2.s,-0.48,0.192690806
a.gal2.s,-0.49,0.201814556
a.gal2.s,-0.5,0.210861698
a.gal2.s,-0.51,0.21979718
a.gal2.s,-0.52,0.228587229
a.gal2.s,-0.53,0.237199737
a.gal2.s,-0.54,0.245604601
a.gal2.s,-0.55,0.253774039
a.gal2.s,-0.56,0.261682846
a.gal2.s,-0.57,0.269308619
a.gal2.s,-0.58,0.276631922
a.gal2.s,-0.59,0.283636397
a.gal2.s,-0.6,0.290308835
a.gal2.s,-0.61,0.29663918
a.gal2.s,-0.62,0.302620498
a.gal2.s,-0.63,0.308248889
a.gal2.s,-0.64,0.313523365
a.gal2.s,-0.65,0.318445684
a.gal2.s,-0.66,0.323020157
a.gal2.s,-0.67,0.327253427
a.gal2.s,-0.68,0.331154229
a.gal2.s,-0.69,0.334733129
a.gal2.s,-0.7,0.338002268
a.gal2.s,-0.71,0.34097509
a.gal2.s,-0.72,0.343666077
a.gal2.s,-0.73,0.346090499
a.gal2.s,-0.74,0.348264161
a.gal2.s,-0.75,0.350203179
a.gal2.s,-0.76,0.351923764
a.gal2.s,-0.77,0.353442031
a.gal2.s,-0.78,0.35477383
a.gal2.s,-0.79,0.355934596
a.gal2.s,-0.8,0.356939225
a.gal2.s,-0.81,0.357801972
a.gal2.s,-0.82,0.358536368
a.gal2.s,-0.83,0.359155161
a.gal2.s,-0.84,0.359670275
a.gal2.s,-0.85,0.360092784
a.gal2.s,-0.86,0.360432911
a.gal2.s,-0.87,0.360700023
a.gal2.s,-0.88,0.360902658
a.gal2.s,-0.89,0.361048546
a.gal2.s,-0.9,0.361144647
a.gal2.s,-0.91,0.36119719
a.gal2.s,-0.92,0.361211721
a.gal2.s,-0.93,0.361193146
a.gal2.s,-0.94,0.361145787
a.gal2.s,-0.95,0.361073428
a.gal2.s,-0.96,0.360979363
a.gal2.s,-0.97,0.36086645
a.gal2.s,-0.98,0.360737152
a.gal2.s,-0.99,0.360593581
a.gal2.s,-1,0.360437541
a.gal2.s,-1.01,0.360270566
a.gal2.s,-1.02,0.360093951
a.gal2.s,-1.03,0.359908787
a.gal2.s,-1.04,0.359715988
a.gal2.s,-1.05,0.359516316
a.gal2.s,-1.06,0.359310404
a.gal2.s,-1.07,0.359098776
a.gal2.s,-1.08,0.358881861
a.gal2.s,-1.09,0.358660015
a.gal2.s,-1.1,0.358433524
a.gal2.s,-1.11,0.358202626
a.gal2.s,-1.12,0.357967512
a.gal2.s,-1.13,0.357728335
a.gal2.s,-1.14,0.357485222
a.gal2.s,-1.15,0.357238273
a.gal2.s,-1.16,0.356987571
a.gal2.s,-1.17,0.356733181
a.gal2.s,-1.18,0.356475158
a.gal2.s,-1.19,0.356213545
a.gal2.s,-1.2,0.355948377
a.gal2.s,-1.21,0.355679684
a.gal2.s,-1.22,0.355407492
a.gal2.s,-1.23,0.355131821
a.gal2.s,-1.24,0.354852689
a.gal2.s,-1.25,0.354570112
a.gal2.s,-1.26,0.354284104
a.gal2.s,-1.27,0.353994678
a.gal2.s,-1.28,0.353701846
a.gal2.s,-1.29,0.35340562
a.gal2.s,-1.3,0.353106009
a.gal2.s,-1.31,0.352803024
a.gal2.s,-1.32,0.352496676
a.gal2.s,-1.33,0.352186974
a.gal2.s,-1.34,0.351873928
a.gal2.s,-1.35,0.351557548
a.gal2.s,-1.36,0.351237843
a.gal2.s,-1.37,0.350914824
a.gal2.s,-1.38,0.3505885
a.gal2.s,-1.39,0.350258881
a.gal2.s,-1.4,0.349925977
a.gal2.s,-1.41,0.349589798
a.gal2.s,-1.42,0.349250354
a.gal2.s,-1.43,0.348907656
a.gal2.s,-1.44,0.348561713
a.gal2.s,-1.45,0.348212535
a.gal2.s,-1.46,0.347860135
a.gal2.s,-1.47,0.347504521
a.gal2.s,-1.48,0.347145704
a.gal2.s,-1.49,0.346783695
a.gal2.s,-1.5,0.346418505
a.gal2.s,-1.51,0.346050145
a.gal2.s,-1.52,0.345678626
a.gal2.s,-1.53,0.345303958
a.gal2.s,-1.54,0.344926153
a.gal2.s,-1.55,0.344545221
a.gal2.s,-1.56,0.344161175
a.gal2.s,-1.57,0.343774026
a.gal2.s,-1.58,0.343383784
a.gal2.s,-1.59,0.342990462
a.gal2.s,-1.6,0.342594072
a.gal2.s,-1.61,0.342194623
a.gal2.s,-1.62,0.34179213
a.gal2.s,-1.63,0.341386603
a.gal2.s,-1.64,0.340978054
a.gal2.s,-1.65,0.340566496
a.gal2.s,-1.66,0.34015194
a.gal2.s,-1.67,0.339734399
a.gal2.s,-1.68,0.339313884
a.gal2.s,-1.69,0.338890409
a.gal2.s,-1.7,0.338463985
a.gal2.s,-1.71,0.338034626
a.gal2.s,-1.72,0.337602343
a.gal2.s,-1.73,0.337167149
a.gal2.s,-1.74,0.336729056
a.gal2.s,-1.75,0.336288079
a.gal2.s,-1.76,0.335844229
a.gal2.s,-1.77,0.335397519
a.gal2.s,-1.78,0.334947963
a.gal2.s,-1.79,0.334495572
a.gal2.s,-1.8,0.334040362
a.gal2.s,-1.81,0.333582344
a.gal2.s,-1.82,0.333121532
a.gal2.s,-1.83,0.332657939
a.gal2.s,-1.84,0.332191579
a.gal2.s,-1.85,0.331722465
a.gal2.s,-1.86,0.331250611
a.gal2.s,-1.87,0.33077603
a.gal2.s,-1.88,0.330298735
a.gal2.s,-1.89,0.329818741
a.gal2.s,-1.9,0.329336062
a.gal2.s,-1.91,0.328850711
a.gal2.s,-1.92,0.328362701
a.gal2.s,-1.93,0.327872048
a.gal2.s,-1.94,0.327378765
a.gal2.s,-1.95,0.326882866
a.gal2.s,-1.96,0.326384365
a.gal2.s,-1.97,0.325883277
a.gal2.s,-1.98,0.325379616
a.gal2.s,-1.99,0.324873395
a.gal2.s,-2,0.32436463
a.gal2.s,-2.01,0.323853335
a.gal2.s,-2.02,0.323339524
a.gal2.s,-2.03,0.322823213
a.gal2.s,-2.04,0.322304414
a.gal2.s,-2.05,0.321783144
a.gal2.s,-2.06,0.321259417
a.gal2.s,-2.07,0.320733247
a.gal2.s,-2.08,0.320204649
a.gal2.s,-2.09,0.319673639
a.gal2.s,-2.1,0.319140231
a.gal2.s,-2.11,0.31860444
a.gal2.s,-2.12,0.318066281
a.gal2.s,-2.13,0.31752577
a.gal2.s,-2.14,0.31698292
a.gal2.s,-2.15,0.316437748
a.gal2.s,-2.16,0.315890269
a.gal2.s,-2.17,0.315340497
a.gal2.s,-2.18,0.314788448
a.gal2.s,-2.19,0.314234138
a.gal2.s,-2.2,0.313677581
a.gal2.s,-2.21,0.313118794
a.gal2.s,-2.22,0.312557791
a.gal2.s,-2.23,0.311994588
a.gal2.s,-2.24,0.311429201
a.gal2.s,-2.25,0.310861645
a.gal2.s,-2.26,0.310291936
a.gal2.s,-2.27,0.309720089
a.gal2.s,-2.28,0.30914612
a.gal2.s,-2.29,0.308570045
a.gal2.s,-2.3,0.30799188
a.gal2.s,-2.31,0.30741164
a.gal2.s,-2.32,0.306829341
a.gal2.s,-2.33,0.306244999
a.gal2.s,-2.34,0.30565863
a.gal2.s,-2.35,0.305070249
a.gal2.s,-2.36,0.304479874
a.gal2.s,-2.37,0.303887519
a.gal2.s,-2.38,0.303293201
a.gal2.s,-2.39,0.302696936
a.gal2.s,-2.4,0.30209874
a.gal2.s,-2.41,0.301498628
a.gal2.s,-2.42,0.300896618
a.gal2.s,-2.43,0.300292724
a.gal2.s,-2.44,0.299686965
a.gal2.s,-2.45,0.299079354
a.gal2.s,-2.46,0.29846991
a.gal2.s,-2.47,0.297858648
a.gal2.s,-2.48,0.297245583
a.gal2.s,-2.49,0.296630734
a.gal2.s,-2.5,0.296014115
a.gal2.s,-2.51,0.295395744
a.gal2.s,-2.52,0.294775636
a.gal2.s,-2.53,0.294153809
a.gal2.s,-2.54,0.293530277
a.gal2.s,-2.55,0.292905059
a.gal2.s,-2.56,0.29227817
a.gal2.s,-2.57,0.291649626
a.gal2.s,-2.58,0.291019444
a.gal2.s,-2.59,0.290387641
a.gal2.s,-2.6,0.289754233
a.gal2.s,-2.61,0.289119237
a.gal2.s,-2.62,0.288482668
a.gal2.s,-2.63,0.287844545
a.gal2.s,-2.64,0.287204882
a.gal2.s,-2.65,0.286563697
a.gal2.s,-2.66,0.285921006
a.gal2.s,-2.67,0.285276827
a.gal2.s,-2.68,0.284631174
a.gal2.s,-2.69,0.283984066
a.gal2.s,-2.7,0.283335518
a.gal2.s,-2.71,0.282685547
a.gal2.s,-2.72,0.28203417
a.gal2.s,-2.73,0.281381403
a.gal2.s,-2.74,0.280727263
a.gal2.s,-2.75,0.280071767
a.gal2.s,-2.76,0.279414931
a.gal2.s,-2.77,0.278756772
a.gal2.s,-2.78,0.278097306
a.gal2.s,-2.79,0.277436551
a.gal2.s,-2.8,0.276774522
a.gal2.s,-2.81,0.276111236
a.gal2.s,-2.82,0.275446711
a.gal2.s,-2.83,0.274780962
a.gal2.s,-2.84,0.274114006
a.gal2.s,-2.85,0.27344586
a.gal2.s,-2.86,0.27277654
a.gal2.s,-2.87,0.272106064
a.gal2.s,-2.88,0.271434447
a.gal2.s,-2.89,0.270761706
a.gal2.s,-2.9,0.270087858
a.gal2.s,-2.91,0.269412919
a.gal2.s,-2.92,0.268736907
a.gal2.s,-2.93,0.268059837
a.gal2.s,-2.94,0.267381726
a.gal2.s,-2.95,0.266702591
a.gal2.s,-2.96,0.266022447
a.gal2.s,-2.97,0.265341313
a.gal2.s,-2.98,0.264659204
a.gal2.s,-2.99,0.263976136
a.gal2.s,-3,0.263292127
a.gal2.s,-3.01,0.262607192
a.gal2.s,-3.02,0.261921349
a.gal2.s,-3.03,0.261234613
a.gal2.s,-3.04,0.260547001
a.gal2.s,-3.05,0.25985853
a.gal2.s,-3.06,0.259169215
a.gal2.s,-3.07,0.258479074
a.gal2.s,-3.08,0.257788122
a.gal2.s,-3.09,0.257096376
a.gal2.s,-3.1,0.256403852
a.gal2.s,-3.11,0.255710567
a.gal2.s,-3.12,0.255016537
a.gal2.s,-3.13,0.254321778
a.gal2.s,-3.14,0.253626306
a.gal2.s,-3.15,0.252930137
a.gal2.s,-3.16,0.252233289
a.gal2.s,-3.17,0.251535776
a.gal2.s,-3.18,0.250837616
a.gal2.s,-3.19,0.250138823
a.gal2.s,-3.2,0.249439415
a.gal2.s,-3.21,0.248739407
a.gal2.s,-3.22,0.248038816
a.gal2.s,-3.23,0.247337657
a.gal2.s,-3.24,0.246635947
a.gal2.s,-3.25,0.2459337
a.gal2.s,-3.26,0.245230935
a.gal2.s,-3.27,0.244527665
a.gal2.s,-3.28,0.243823907
a.gal2.s,-3.29,0.243119678
a.gal2.s,-3.3,0.242414992
a.gal2.s,-3.31,0.241709865
a.gal2.s,-3.32,0.241004314
a.gal2.s,-3.33,0.240298354
a.gal2.s,-3.34,0.239592
a.gal2.s,-3.35,0.238885269
a.gal2.s,-3.36,0.238178176
a.gal2.s,-3.37,0.237470736
a.gal2.s,-3.38,0.236762965
a.gal2.s,-3.39,0.236054879
a.gal2.s,-3.4,0.235346492
a.gal2.s,-3.41,0.234637822
a.gal2.s,-3.42,0.233928882
a.gal2.s,-3.43,0.233219688
a.gal2.s,-3.44,0.232510256
a.gal2.s,-3.45,0.2318006
a.gal2.s,-3.46,0.231090737
a.gal2.s,-3.47,0.23038068
a.gal2.s,-3.48,0.229670446
a.gal2.s,-3.49,0.22896005
a.gal2.s,-3.5,0.228249506
a.gal2.s,-3.51,0.22753883
a.gal2.s,-3.52,0.226828036
a.gal2.s,-3.53,0.22611714
a.gal2.s,-3.54,0.225406157
a.gal2.s,-3.55,0.224695101
a.gal2.s,-3.56,0.223983986
a.gal2.s,-3.57,0.223272829
a.gal2.s,-3.58,0.222561644
a.gal2.s,-3.59,0.221850444
a.gal2.s,-3.6,0.221139246
a.gal2.s,-3.61,0.220428063
a.gal2.s,-3.62,0.21971691
a.gal2.s,-3.63,0.219005802
a.gal2.s,-3.64,0.218294753
a.gal2.s,-3.65,0.217583777
a.gal2.s,-3.66,0.216872888
a.gal2.s,-3.67,0.216162102
a.gal2.s,-3.68,0.215451432
a.gal2.s,-3.69,0.214740893
a.gal2.s,-3.7,0.214030498
a.gal2.s,-3.71,0.213320262
a.gal2.s,-3.72,0.212610199
a.gal2.s,-3.73,0.211900322
a.gal2.s,-3.74,0.211190646
a.gal2.s,-3.75,0.210481185
a.gal2.s,-3.76,0.209771952
a.gal2.s,-3.77,0.209062961
a.gal2.s,-3.78,0.208354226
a.gal2.s,-3.79,0.20764576
a.gal2.s,-3.8,0.206937578
a.gal2.s,-3.81,0.206229692
a.gal2.s,-3.82,0.205522117
a.gal2.s,-3.83,0.204814865
a.gal2.s,-3.84,0.204107951
a.gal2.s,-3.85,0.203401387
a.gal2.s,-3.86,0.202695186
a.gal2.s,-3.87,0.201989362
a.gal2.s,-3.88,0.201283929
a.gal2.s,-3.89,0.200578898
a.gal2.s,-3.9,0.199874284
a.gal2.s,-3.91,0.199170099
a.gal2.s,-3.92,0.198466357
a.gal2.s,-3.93,0.197763069
a.gal2.s,-3.94,0.197060249
a.gal2.s,-3.95,0.196357909
a.gal2.s,-3.96,0.195656063
a.gal2.s,-3.97,0.194954723
a.gal2.s,-3.98,0.194253901
a.gal2.s,-3.99,0.19355361
a.gal2.s,-4,0.192853863
a.gal2.s,-4.01,0.192154672
a.gal2.s,-4.02,0.191456048
a.gal2.s,-4.03,0.190758005
a.gal2.s,-4.04,0.190060555
a.gal2.s,-4.05,0.189363709
a.gal2.s,-4.06,0.18866748
a.gal2.s,-4.07,0.18797188
a.gal2.s,-4.08,0.18727692
a.gal2.s,-4.09,0.186582614
a.gal2.s,-4.1,0.185888972
a.gal2.s,-4.11,0.185196005
a.gal2.s,-4.12,0.184503727
a.gal2.s,-4.13,0.183812149
a.gal2.s,-4.14,0.183121281
a.gal2.s,-4.15,0.182431136
a.gal2.s,-4.16,0.181741725
a.gal2.s,-4.17,0.18105306
a.gal2.s,-4.18,0.180365151
a.gal2.s,-4.19,0.17967801
a.gal2.s,-4.2,0.178991648
a.gal2.s,-4.21,0.178306077
a.gal2.s,-4.22,0.177621306
a.gal2.s,-4.23,0.176937348
a.gal2.s,-4.24,0.176254212
a.gal2.s,-4.25,0.175571911
a.gal2.s,-4.26,0.174890454
a.gal2.s,-4.27,0.174209853
a.gal2.s,-4.28,0.173530118
a.gal2.s,-4.29,0.172851259
a.gal2.s,-4.3,0.172173287
a.gal2.s,-4.31,0.171496213
a.gal2.s,-4.32,0.170820046
a.gal2.s,-4.33,0.170144798
a.gal2.s,-4.34,0.169470478
a.gal2.s,-4.35,0.168797096
a.gal2.s,-4.36,0.168124663
a.gal2.s,-4.37,0.167453188
a.gal2.s,-4.38,0.166782682
a.gal2.s,-4.39,0.166113154
a.gal2.s,-4.4,0.165444615
a.gal2.s,-4.41,0.164777073
a.gal2.s,-4.42,0.164110539
a.gal2.s,-4.43,0.163445022
a.gal2.s,-4.44,0.162780532
a.gal2.s,-4.45,0.162117077
a.gal2.s,-4.46,0.161454669
a.gal2.s,-4.47,0.160793315
a.gal2.s,-4.48,0.160133025
a.gal2.s,-4.49,0.159473808
a.gal2.s,-4.5,0.158815674
a.gal2.s,-4.51,0.15815863
a.gal2.s,-4.52,0.157502688
a.gal2.s,-4.53,0.156847854
a.gal2.s,-4.54,0.156194138
a.gal2.s,-4.55,0.15554155
a.gal2.s,-4.56,0.154890096
a.gal2.s,-4.57,0.154239787
a.gal2.s,-4.58,0.15359063
a.gal2.s,-4.59,0.152942634
a.gal2.s,-4.6,0.152295807
a.gal2.s,-4.61,0.151650158
a.gal2.s,-4.62,0.151005695
a.gal2.s,-4.63,0.150362427
a.gal2.s,-4.64,0.14972036
a.gal2.s,-4.65,0.149079504
a.gal2.s,-4.66,0.148439865
a.gal2.s,-4.67,0.147801453
a.gal2.s,-4.68,0.147164275
a.gal2.s,-4.69,0.146528339
a.gal2.s,-4.7,0.145893652
a.gal2.s,-4.71,0.145260221
a.gal2.s,-4.72,0.144628055
a.gal2.s,-4.73,0.143997162
a.gal2.s,-4.74,0.143367547
a.gal2.s,-4.75,0.142739219
a.gal2.s,-4.76,0.142112185
a.gal2.s,-4.77,0.141486451
a.gal2.s,-4.78,0.140862026
a.gal2.s,-4.79,0.140238917
a.gal2.s,-4.8,0.139617129
a.gal2.s,-4.81,0.13899667
a.gal2.s,-4.82,0.138377547
a.gal2.s,-4.83,0.137759766
a.gal2.s,-4.84,0.137143335
a.gal2.s,-4.85,0.13652826
a.gal2.s,-4.86,0.135914547
a.gal2.s,-4.87,0.135302202
a.gal2.s,-4.88,0.134691233
a.gal2.s,-4.89,0.134081645
a.gal2.s,-4.9,0.133473445
a.gal2.s,-4.91,0.132866639
a.gal2.s,-4.92,0.132261233
a.gal2.s,-4.93,0.131657233
a.gal2.s,-4.94,0.131054645
a.gal2.s,-4.95,0.130453475
a.gal2.s,-4.96,0.129853729
a.gal2.s,-4.97,0.129255412
a.gal2.s,-4.98,0.12865853
a.gal2.s,-4.99,0.128063089
a.gal2.s,-5,0.127469095
a.gal3.s,0,0.009378661
a.gal3.s,-0.01,0.010607447
a.gal3.s,-0.02,0.011965192
a.gal3.s,-0.03,0.013460846
a.gal3.s,-0.04,0.01510338
a.gal3.s,-0.05,0.016901705
a.gal3.s,-0.06,0.018864579
a.gal3.s,-0.07,0.021000508
a.gal3.s,-0.08,0.023317646
a.gal3.s,-0.09,0.02582368
a.gal3.s,-0.1,0.028525725
a.gal3.s,-0.11,0.031430203
a.gal3.s,-0.12,0.034542735
a.gal3.s,-0.13,0.037868026
a.gal3.s,-0.14,0.041409756
a.gal3.s,-0.15,0.045170478
a.gal3.s,-0.16,0.049151519
a.gal3.s,-0.17,0.053352899
a.gal3.s,-0.18,0.05777325
a.gal3.s,-0.19,0.062409758
a.gal3.s,-0.2,0.067258117
a.gal3.s,-0.21,0.072312494
a.gal3.s,-0.22,0.077565521
a.gal3.s,-0.23,0.083008298
a.gal3.s,-0.24,0.088630417
a.gal3.s,-0.25,0.09442001
a.gal3.s,-0.26,0.100363812
a.gal3.s,-0.27,0.106447243
a.gal3.s,-0.28,0.112654511
a.gal3.s,-0.29,0.118968733
a.gal3.s,-0.3,0.125372065
a.gal3.s,-0.31,0.13184586
a.gal3.s,-0.32,0.138370821
a.gal3.s,-0.33,0.144927177
a.gal3.s,-0.34,0.15149486
a.gal3.s,-0.35,0.158053687
a.gal3.s,-0.36,0.164583547
a.gal3.s,-0.37,0.171064583
a.gal3.s,-0.38,0.177477372
a.gal3.s,-0.39,0.183803097
a.gal3.s,-0.4,0.190023713
a.gal3.s,-0.41,0.196122098
a.gal3.s,-0.42,0.202082192
a.gal3.s,-0.43,0.207889121
a.gal3.s,-0.44,0.213529302
a.gal3.s,-0.45,0.218990533
a.gal3.s,-0.46,0.224262057
a.gal3.s,-0.47,0.229334619
a.gal3.s,-0.48,0.234200488
a.gal3.s,-0.49,0.238853472
a.gal3.s,-0.5,0.243288907
a.gal3.s,-0.51,0.247503634
a.gal3.s,-0.52,0.25149595
a.gal3.s,-0.53,0.255265556
a.gal3.s,-0.54,0.25881348
a.gal3.s,-0.55,0.262141995
a.gal3.s,-0.56,0.265254526
a.gal3.s,-0.57,0.268155549
a.gal3.s,-0.58,0.270850478
a.gal3.s,-0.59,0.27334556
a.gal3.s,-0.6,0.275647758
a.gal3.s,-0.61,0.277764636
a.gal3.s,-0.62,0.279704248
a.gal3.s,-0.63,0.281475031
a.gal3.s,-0.64,0.283085692
a.gal3.s,-0.65,0.284545117
a.gal3.s,-0.66,0.285862272
a.gal3.s,-0.67,0.28704612
a.gal3.s,-0.68,0.288105543
a.gal3.s,-0.69,0.289049269
a.gal3.s,-0.7,0.289885817
a.gal3.s,-0.71,0.290623438
a.gal3.s,-0.72,0.291270074
a.gal3.s,-0.73,0.291833325
a.gal3.s,-0.74,0.292320414
a.gal3.s,-0.75,0.292738172
a.gal3.s,-0.76,0.293093023
a.gal3.s,-0.77,0.293390976
a.gal3.s,-0.78,0.293637623
a.gal3.s,-0.79,0.293838142
a.gal3.s,-0.8,0.293997305
a.gal3.s,-0.81,0.294119491
a.gal3.s,-0.82,0.294208697
a.gal3.s,-0.83,0.294268556
a.gal3.s,-0.84,0.294302357
a.gal3.s,-0.85,0.294313062
a.gal3.s,-0.86,0.294303331
a.gal3.s,-0.87,0.294275538
a.gal3.s,-0.88,0.294231797
a.gal3.s,-0.89,0.294173983
a.gal3.s,-0.9,0.294103748
a.gal3.s,-0.91,0.294022547
a.gal3.s,-0.92,0.293931654
a.gal3.s,-0.93,0.293832178
a.gal3.s,-0.94,0.293725087
a.gal3.s,-0.95,0.293611216
a.gal3.s,-0.96,0.293491287
a.gal3.s,-0.97,0.29336592
a.gal3.s,-0.98,0.293235645
a.gal3.s,-0.99,0.293100918
a.gal3.s,-1,0.292962122
a.gal3.s,-1.01,0.292819585
a.gal3.s,-1.02,0.292673584
a.gal3.s,-1.03,0.292524351
a.gal3.s,-1.04,0.292372082
a.gal3.s,-1.05,0.29221694
a.gal3.s,-1.06,0.292059061
a.gal3.s,-1.07,0.291898561
a.gal3.s,-1.08,0.291735532
a.gal3.s,-1.09,0.291570055
a.gal3.s,-1.1,0.291402194
a.gal3.s,-1.11,0.291232003
a.gal3.s,-1.12,0.291059526
a.gal3.s,-1.13,0.290884801
a.gal3.s,-1.14,0.290707858
a.gal3.s,-1.15,0.290528724
a.gal3.s,-1.16,0.290347418
a.gal3.s,-1.17,0.290163959
a.gal3.s,-1.18,0.289978363
a.gal3.s,-1.19,0.289790642
a.gal3.s,-1.2,0.289600807
a.gal3.s,-1.21,0.289408868
a.gal3.s,-1.22,0.289214834
a.gal3.s,-1.23,0.289018712
a.gal3.s,-1.24,0.28882051
a.gal3.s,-1.25,0.288620234
a.gal3.s,-1.26,0.28841789
a.gal3.s,-1.27,0.288213483
a.gal3.s,-1.28,0.28800702
a.gal3.s,-1.29,0.287798506
a.gal3.s,-1.3,0.287587946
a.gal3.s,-1.31,0.287375345
a.gal3.s,-1.32,0.287160708
a.gal3.s,-1.33,0.28694404
a.gal3.s,-1.34,0.286725347
a.gal3.s,-1.35,0.286504632
a.gal3.s,-1.36,0.286281902
a.gal3.s,-1.37,0.286057162
a.gal3.s,-1.38,0.285830415
a.gal3.s,-1.39,0.285601668
a.gal3.s,-1.4,0.285370926
a.gal3.s,-1.41,0.285138194
a.gal3.s,-1.42,0.284903476
a.gal3.s,-1.43,0.284666779
a.gal3.s,-1.44,0.284428107
a.gal3.s,-1.45,0.284187466
a.gal3.s,-1.46,0.283944861
a.gal3.s,-1.47,0.283700298
a.gal3.s,-1.48,0.283453781
a.gal3.s,-1.49,0.283205317
a.gal3.s,-1.5,0.282954911
a.gal3.s,-1.51,0.282702568
a.gal3.s,-1.52,0.282448294
a.gal3.s,-1.53,0.282192095
a.gal3.s,-1.54,0.281933976
a.gal3.s,-1.55,0.281673943
a.gal3.s,-1.56,0.281412002
a.gal3.s,-1.57,0.281148158
a.gal3.s,-1.58,0.280882417
a.gal3.s,-1.59,0.280614786
a.gal3.s,-1.6,0.280345269
a.gal3.s,-1.61,0.280073873
a.gal3.s,-1.62,0.279800605
a.gal3.s,-1.63,0.279525469
a.gal3.s,-1.64,0.279248472
a.gal3.s,-1.65,0.27896962
a.gal3.s,-1.66,0.278688919
a.gal3.s,-1.67,0.278406376
a.gal3.s,-1.68,0.278121996
a.gal3.s,-1.69,0.277835785
a.gal3.s,-1.7,0.277547751
a.gal3.s,-1.71,0.277257898
a.gal3.s,-1.72,0.276966234
a.gal3.s,-1.73,0.276672765
a.gal3.s,-1.74,0.276377498
a.gal3.s,-1.75,0.276080437
a.gal3.s,-1.76,0.275781591
a.gal3.s,-1.77,0.275480966
a.gal3.s,-1.78,0.275178568
a.gal3.s,-1.79,0.274874403
a.gal3.s,-1.8,0.274568479
a.gal3.s,-1.81,0.274260802
a.gal3.s,-1.82,0.273951378
a.gal3.s,-1.83,0.273640214
a.gal3.s,-1.84,0.273327318
a.gal3.s,-1.85,0.273012695
a.gal3.s,-1.86,0.272696353
a.gal3.s,-1.87,0.272378298
a.gal3.s,-1.88,0.272058538
a.gal3.s,-1.89,0.271737078
a.gal3.s,-1.9,0.271413927
a.gal3.s,-1.91,0.271089091
a.gal3.s,-1.92,0.270762576
a.gal3.s,-1.93,0.27043439
a.gal3.s,-1.94,0.270104541
a.gal3.s,-1.95,0.269773034
a.gal3.s,-1.96,0.269439877
a.gal3.s,-1.97,0.269105078
a.gal3.s,-1.98,0.268768643
a.gal3.s,-1.99,0.26843058
a.gal3.s,-2,0.268090895
a.gal3.s,-2.01,0.267749597
a.gal3.s,-2.02,0.267406691
a.gal3.s,-2.03,0.267062186
a.gal3.s,-2.04,0.26671609
a.gal3.s,-2.05,0.266368408
a.gal3.s,-2.06,0.266019149
a.gal3.s,-2.07,0.26566832
a.gal3.s,-2.08,0.265315928
a.gal3.s,-2.09,0.264961981
a.gal3.s,-2.1,0.264606486
a.gal3.s,-2.11,0.264249452
a.gal3.s,-2.12,0.263890884
a.gal3.s,-2.13,0.263530792
a.gal3.s,-2.14,0.263169182
a.gal3.s,-2.15,0.262806062
a.gal3.s,-2.16,0.26244144
a.gal3.s,-2.17,0.262075323
a.gal3.s,-2.18,0.261707719
a.gal3.s,-2.19,0.261338636
a.gal3.s,-2.2,0.260968081
a.gal3.s,-2.21,0.260596063
a.gal3.s,-2.22,0.260222588
a.gal3.s,-2.23,0.259847665
a.gal3.s,-2.24,0.259471302
a.gal3.s,-2.25,0.259093506
a.gal3.s,-2.26,0.258714285
a.gal3.s,-2.27,0.258333647
a.gal3.s,-2.28,0.257951601
a.gal3.s,-2.29,0.257568153
a.gal3.s,-2.3,0.257183312
a.gal3.s,-2.31,0.256797085
a.gal3.s,-2.32,0.256409482
a.gal3.s,-2.33,0.256020509
a.gal3.s,-2.34,0.255630175
a.gal3.s,-2.35,0.255238487
a.gal3.s,-2.36,0.254845455
a.gal3.s,-2.37,0.254451085
a.gal3.s,-2.38,0.254055386
a.gal3.s,-2.39,0.253658366
a.gal3.s,-2.4,0.253260034
a.gal3.s,-2.41,0.252860397
a.gal3.s,-2.42,0.252459463
a.gal3.s,-2.43,0.252057241
a.gal3.s,-2.44,0.251653739
a.gal3.s,-2.45,0.251248965
a.gal3.s,-2.46,0.250842927
a.gal3.s,-2.47,0.250435634
a.gal3.s,-2.48,0.250027093
a.gal3.s,-2.49,0.249617313
a.gal3.s,-2.5,0.249206303
a.gal3.s,-2.51,0.24879407
a.gal3.s,-2.52,0.248380624
a.gal3.s,-2.53,0.247965971
a.gal3.s,-2.54,0.247550121
a.gal3.s,-2.55,0.247133082
a.gal3.s,-2.56,0.246714862
a.gal3.s,-2.57,0.24629547
a.gal3.s,-2.58,0.245874914
a.gal3.s,-2.59,0.245453203
a.gal3.s,-2.6,0.245030344
a.gal3.s,-2.61,0.244606347
a.gal3.s,-2.62,0.244181219
a.gal3.s,-2.63,0.243754969
a.gal3.s,-2.64,0.243327607
a.gal3.s,-2.65,0.242899139
a.gal3.s,-2.66,0.242469575
a.gal3.s,-2.67,0.242038923
a.gal3.s,-2.68,0.241607191
a.gal3.s,-2.69,0.241174389
a.gal3.s,-2.7,0.240740524
a.gal3.s,-2.71,0.240305606
a.gal3.s,-2.72,0.239869642
a.gal3.s,-2.73,0.239432641
a.gal3.s,-2.74,0.238994612
a.gal3.s,-2.75,0.238555564
a.gal3.s,-2.76,0.238115504
a.gal3.s,-2.77,0.237674442
a.gal3.s,-2.78,0.237232386
a.gal3.s,-2.79,0.236789345
a.gal3.s,-2.8,0.236345327
a.gal3.s,-2.81,0.235900341
a.gal3.s,-2.82,0.235454395
a.gal3.s,-2.83,0.235007498
a.gal3.s,-2.84,0.234559659
a.gal3.s,-2.85,0.234110887
a.gal3.s,-2.86,0.233661189
a.gal3.s,-2.87,0.233210575
a.gal3.s,-2.88,0.232759054
a.gal3.s,-2.89,0.232306633
a.gal3.s,-2.9,0.231853322
a.gal3.s,-2.91,0.231399128
a.gal3.s,-2.92,0.230944062
a.gal3.s,-2.93,0.230488132
a.gal3.s,-2.94,0.230031345
a.gal3.s,-2.95,0.229573711
a.gal3.s,-2.96,0.229115239
a.gal3.s,-2.97,0.228655937
a.gal3.s,-2.98,0.228195814
a.gal3.s,-2.99,0.227734878
a.gal3.s,-3,0.227273139
a.gal3.s,-3.01,0.226810604
a.gal3.s,-3.02,0.226347283
a.gal3.s,-3.03,0.225883184
a.gal3.s,-3.04,0.225418316
a.gal3.s,-3.05,0.224952687
a.gal3.s,-3.06,0.224486307
a.gal3.s,-3.07,0.224019183
a.gal3.s,-3.08,0.223551325
a.gal3.s,-3.09,0.223082742
a.gal3.s,-3.1,0.222613441
a.gal3.s,-3.11,0.222143432
a.gal3.s,-3.12,0.221672723
a.gal3.s,-3.13,0.221201322
a.gal3.s,-3.14,0.22072924
a.gal3.s,-3.15,0.220256483
a.gal3.s,-3.16,0.219783062
a.gal3.s,-3.17,0.219308984
a.gal3.s,-3.18,0.218834258
a.gal3.s,-3.19,0.218358893
a.gal3.s,-3.2,0.217882897
a.gal3.s,-3.21,0.217406279
a.gal3.s,-3.22,0.216929048
a.gal3.s,-3.23,0.216451212
a.gal3.s,-3.24,0.215972781
a.gal3.s,-3.25,0.215493761
a.gal3.s,-3.26,0.215014163
a.gal3.s,-3.27,0.214533995
a.gal3.s,-3.28,0.214053265
a.gal3.s,-3.29,0.213571982
a.gal3.s,-3.3,0.213090154
a.gal3.s,-3.31,0.212607791
a.gal3.s,-3.32,0.2121249
a.gal3.s,-3.33,0.211641491
a.gal3.s,-3.34,0.211157571
a.gal3.s,-3.35,0.210673149
a.gal3.s,-3.36,0.210188235
a.gal3.s,-3.37,0.209702836
a.gal3.s,-3.38,0.20921696
a.gal3.s,-3.39,0.208730617
a.gal3.s,-3.4,0.208243815
a.gal3.s,-3.41,0.207756563
a.gal3.s,-3.42,0.207268868
a.gal3.s,-3.43,0.20678074
a.gal3.s,-3.44,0.206292187
a.gal3.s,-3.45,0.205803217
a.gal3.s,-3.46,0.205313838
a.gal3.s,-3.47,0.20482406
a.gal3.s,-3.48,0.204333891
a.gal3.s,-3.49,0.203843338
a.gal3.s,-3.5,0.203352411
a.gal3.s,-3.51,0.202861118
a.gal3.s,-3.52,0.202369467
a.gal3.s,-3.53,0.201877466
a.gal3.s,-3.54,0.201385124
a.gal3.s,-3.55,0.20089245
a.gal3.s,-3.56,0.200399451
a.gal3.s,-3.57,0.199906136
a.gal3.s,-3.58,0.199412513
a.gal3.s,-3.59,0.19891859
a.gal3.s,-3.6,0.198424377
a.gal3.s,-3.61,0.19792988
a.gal3.s,-3.62,0.197435108
a.gal3.s,-3.63,0.19694007
a.gal3.s,-3.64,0.196444774
a.gal3.s,-3.65,0.195949228
a.gal3.s,-3.66,0.195453439
a.gal3.s,-3.67,0.194957417
a.gal3.s,-3.68,0.194461169
a.gal3.s,-3.69,0.193964704
a.gal3.s,-3.7,0.19346803
a.gal3.s,-3.71,0.192971154
a.gal3.s,-3.72,0.192474085
a.gal3.s,-3.73,0.191976831
a.gal3.s,-3.74,0.1914794
a.gal3.s,-3.75,0.1909818
a.gal3.s,-3.76,0.190484039
a.gal3.s,-3.77,0.189986125
a.gal3.s,-3.78,0.189488067
a.gal3.s,-3.79,0.188989871
a.gal3.s,-3.8,0.188491546
a.gal3.s,-3.81,0.187993101
a.gal3.s,-3.82,0.187494542
a.gal3.s,-3.83,0.186995878
a.gal3.s,-3.84,0.186497116
a.gal3.s,-3.85,0.185998265
a.gal3.s,-3.86,0.185499333
a.gal3.s,-3.87,0.185000326
a.gal3.s,-3.88,0.184501254
a.gal3.s,-3.89,0.184002123
a.gal3.s,-3.9,0.183502942
a.gal3.s,-3.91,0.183003718
a.gal3.s,-3.92,0.18250446
a.gal3.s,-3.93,0.182005173
a.gal3.s,-3.94,0.181505868
a.gal3.s,-3.95,0.18100655
a.gal3.s,-3.96,0.180507228
a.gal3.s,-3.97,0.18000791
a.gal3.s,-3.98,0.179508602
a.gal3.s,-3.99,0.179009313
a.gal3.s,-4,0.17851005
a.gal3.s,-4.01,0.17801082
a.gal3.s,-4.02,0.177511632
a.gal3.s,-4.03,0.177012493
a.gal3.s,-4.04,0.176513409
a.gal3.s,-4.05,0.176014389
a.gal3.s,-4.06,0.17551544
a.gal3.s,-4.07,0.17501657
a.gal3.s,-4.08,0.174517785
a.gal3.s,-4.09,0.174019093
a.gal3.s,-4.1,0.173520502
a.gal3.s,-4.11,0.173022019
a.gal3.s,-4.12,0.17252365
a.gal3.s,-4.13,0.172025405
a.gal3.s,-4.14,0.171527288
a.gal3.s,-4.15,0.171029309
a.gal3.s,-4.16,0.170531473
a.gal3.s,-4.17,0.170033789
a.gal3.s,-4.18,0.169536263
a.gal3.s,-4.19,0.169038902
a.gal3.s,-4.2,0.168541714
a.gal3.s,-4.21,0.168044705
a.gal3.s,-4.22,0.167547883
a.gal3.s,-4.23,0.167051255
a.gal3.s,-4.24,0.166554828
a.gal3.s,-4.25,0.166058608
a.gal3.s,-4.26,0.165562602
a.gal3.s,-4.27,0.165066819
a.gal3.s,-4.28,0.164571263
a.gal3.s,-4.29,0.164075943
a.gal3.s,-4.3,0.163580865
a.gal3.s,-4.31,0.163086036
a.gal3.s,-4.32,0.162591463
a.gal3.s,-4.33,0.162097152
a.gal3.s,-4.34,0.16160311
a.gal3.s,-4.35,0.161109344
a.gal3.s,-4.36,0.160615861
a.gal3.s,-4.37,0.160122667
a.gal3.s,-4.38,0.159629769
a.gal3.s,-4.39,0.159137174
a.gal3.s,-4.4,0.158644887
a.gal3.s,-4.41,0.158152917
a.gal3.s,-4.42,0.157661268
a.gal3.s,-4.43,0.157169948
a.gal3.s,-4.44,0.156678963
a.gal3.s,-4.45,0.15618832
a.gal3.s,-4.46,0.155698024
a.gal3.s,-4.47,0.155208083
a.gal3.s,-4.48,0.154718503
a.gal3.s,-4.49,0.154229289
a.gal3.s,-4.5,0.153740449
a.gal3.s,-4.51,0.153251989
a.gal3.s,-4.52,0.152763914
a.gal3.s,-4.53,0.152276231
a.gal3.s,-4.54,0.151788947
a.gal3.s,-4.55,0.151302067
a.gal3.s,-4.56,0.150815597
a.gal3.s,-4.57,0.150329544
a.gal3.s,-4.58,0.149843914
a.gal3.s,-4.59,0.149358712
a.gal3.s,-4.6,0.148873945
a.gal3.s,-4.61,0.148389618
a.gal3.s,-4.62,0.147905739
a.gal3.s,-4.63,0.147422311
a.gal3.s,-4.64,0.146939342
a.gal3.s,-4.65,0.146456838
a.gal3.s,-4.66,0.145974803
a.gal3.s,-4.67,0.145493245
a.gal3.s,-4.68,0.145012168
a.gal3.s,-4.69,0.144531579
a.gal3.s,-4.7,0.144051482
a.gal3.s,-4.71,0.143571885
a.gal3.s,-4.72,0.143092792
a.gal3.s,-4.73,0.142614209
a.gal3.s,-4.74,0.142136142
a.gal3.s,-4.75,0.141658595
a.gal3.s,-4.76,0.141181576
a.gal3.s,-4.77,0.140705089
a.gal3.s,-4.78,0.14022914
a.gal3.s,-4.79,0.139753733
a.gal3.s,-4.8,0.139278876
a.gal3.s,-4.81,0.138804572
a.gal3.s,-4.82,0.138330827
a.gal3.s,-4.83,0.137857648
a.gal3.s,-4.84,0.137385038
a.gal3.s,-4.85,0.136913003
a.gal3.s,-4.86,0.136441548
a.gal3.s,-4.87,0.135970679
a.gal3.s,-4.88,0.1355004
a.gal3.s,-4.89,0.135030718
a.gal3.s,-4.9,0.134561636
a.gal3.s,-4.91,0.13409316
a.gal3.s,-4.92,0.133625295
a.gal3.s,-4.93,0.133158046
a.gal3.s,-4.94,0.132691418
a.gal3.s,-4.95,0.132225416
a.gal3.s,-4.96,0.131760045
a.gal3.s,-4.97,0.131295309
a.gal3.s,-4.98,0.130831214
a.gal3.s,-4.99,0.130367765
a.gal3.s,-5,0.129904965
